Workbook

Sheet Параметры
A1: Параметры ценообразования
A3: Параметр | B3: Значение
A4: Валюта | B4: RUB
A5: Pro: Base (до 3 линий), ₽/год | B5: 900000
A6: Enterprise: Base (до 6 линий), ₽/год | B6: 2700000
A7: Цена доп. линии, ₽/год | B7: 220000
A8: Доп. площадка Pro, ₽/год | B8: 600000
A9: Доп. площадка Enterprise, ₽/год | B9: 1500000
A10: SLA 24/7, % | B10: 0.25
A11: Скидка за 100% предоплату, % | B11: 0.1
A12: Скидка за 2 года, % | B12: 0.15
A13: Пилот OEE (фикс), ₽ | B13: 1500000
A14: Внедрение доп. линии, ₽ | B14: 500000

Sheet Расчёт
A1: Расчёт лицензии и внедрения
A3: Входные параметры | D3: Расчётные значения
A4: Тип (pilot/pro/enterprise) | B4: pro | D4: Base license/year | E4: =IF(B4="pro",Параметры!B5,IF(B4="enterprise",Параметры!B6,0))
A5: Кол-во площадок | B5: 1 | D5: Включённые линии | E5: =IF(B4="pro",3,IF(B4="enterprise",6,0))
A6: Кол-во линий всего | B6: 3 | D6: Доп. линии/год | E6: =MAX(0,B6-E5)*Параметры!B7
A7: Нужен SLA 24/7 (да/нет) | B7: нет | D7: Доп. площадки/год | E7: =MAX(0,B5-1)*IF(B4="pro",Параметры!B8,IF(B4="enterprise",Параметры!B9,0))
A8: Срок, лет (1 или 2) | B8: 1 | D8: Лицензия/год до SLA | E8: =E4+E6+E7
A9: Предоплата 100% (да/нет) | B9: нет | D9: SLA надбавка/год | E9: =IF(B7="да",E8*Параметры!B10,0)
A10: Кол-во новых линий внедрения | B10: 0 | D10: Лицензия/год итого | E10: =E8+E9
A11: Нужен пилот (да/нет) | B11: нет | D11: Лицензия за срок | E11: =E10*B8
A12: Зачёт пилота в лицензию, % | B12: 0.3 | D12: Скидка | E12: =IF(B8=2,Параметры!B12,IF(B9="да",Параметры!B11,0))
D13: Лицензия после скидки | E13: =E11*(1-E12)
D14: Услуги внедрения | E14: =B10*Параметры!B14
D15: Пилот | E15: =IF(B11="да",Параметры!B13,0)
D16: Зачёт пилота | E16: =IF(AND(B11="да",B4<>"pilot"),MIN(E15*B12,E13),0)
D17: Итог КП | E17: =E13+E14+E15-E16

Sheet КП
A1: Сводка для коммерческого предложения
A3: Поле | B3: Значение
A4: Клиент
A5: Проект/линия
A6: Тип предложения | B6: =Расчёт!B4
A7: Площадок | B7: =Расчёт!B5
A8: Линий | B8: =Расчёт!B6
A9: Лицензия после скидки, ₽ | B9: =Расчёт!E13
A10: Услуги внедрения, ₽ | B10: =Расчёт!E14
A11: Пилот, ₽ | B11: =Расчёт!E15
A12: Зачёт пилота, ₽ | B12: =Расчёт!E16
A13: Итог КП, ₽ | B13: =Расчёт!E17
A14: Платеж 1 (50%), ₽ | B14: =B13*0.5
A15: Платеж 2 (30%), ₽ | B15: =B13*0.3
A16: Платеж 3 (20%), ₽ | B16: =B13*0.2
